웹 검색 관심 대상: tofu; hummus
전 세계; 2004년 - 현재

시간 경과에 따른 관심도 변화
주,tofu,hummus
2004-01-04 - 2004-01-10,54,17
2004-01-11 - 2004-01-17,52,15
2004-01-18 - 2004-01-24,57,13
2004-01-25 - 2004-01-31,53,12
2004-02-01 - 2004-02-07,47,11
2004-02-08 - 2004-02-14,44,9
2004-02-15 - 2004-02-21,51,10
2004-02-22 - 2004-02-28,42,12
2004-02-29 - 2004-03-06,45,13
2004-03-07 - 2004-03-13,47,10
2004-03-14 - 2004-03-20,45,10
2004-03-21 - 2004-03-27,43,15
2004-03-28 - 2004-04-03,48,11
2004-04-04 - 2004-04-10,43,14
2004-04-11 - 2004-04-17,43,14
2004-04-18 - 2004-04-24,39,14
2004-04-25 - 2004-05-01,42,10
2004-05-02 - 2004-05-08,42,12
2004-05-09 - 2004-05-15,40,13
2004-05-16 - 2004-05-22,45,14
2004-05-23 - 2004-05-29,41,12
2004-05-30 - 2004-06-05,41,13
2004-06-06 - 2004-06-12,39,10
2004-06-13 - 2004-06-19,40,13
2004-06-20 - 2004-06-26,47,13
2004-06-27 - 2004-07-03,42,13
2004-07-04 - 2004-07-10,43,10
2004-07-11 - 2004-07-17,47,13
2004-07-18 - 2004-07-24,51,9
2004-07-25 - 2004-07-31,41,16
2004-08-01 - 2004-08-07,44,13
2004-08-08 - 2004-08-14,41,18
2004-08-15 - 2004-08-21,43,17
2004-08-22 - 2004-08-28,45,13
2004-08-29 - 2004-09-04,35,11
2004-09-05 - 2004-09-11,38,11
2004-09-12 - 2004-09-18,41,11
2004-09-19 - 2004-09-25,44,10
2004-09-26 - 2004-10-02,35,9
2004-10-03 - 2004-10-09,38,10
2004-10-10 - 2004-10-16,37,12
2004-10-17 - 2004-10-23,36,9
2004-10-24 - 2004-10-30,43,14
2004-10-31 - 2004-11-06,44,10
2004-11-07 - 2004-11-13,41,12
2004-11-14 - 2004-11-20,47,15
2004-11-21 - 2004-11-27,44,10
2004-11-28 - 2004-12-04,39,11
2004-12-05 - 2004-12-11,39,9
2004-12-12 - 2004-12-18,35,13
2004-12-19 - 2004-12-25,43,10
2004-12-26 - 2005-01-01,38,11
2005-01-02 - 2005-01-08,48,11
2005-01-09 - 2005-01-15,50,13
2005-01-16 - 2005-01-22,49,17
2005-01-23 - 2005-01-29,48,12
2005-01-30 - 2005-02-05,52,13
2005-02-06 - 2005-02-12,51,14
2005-02-13 - 2005-02-19,38,13
2005-02-20 - 2005-02-26,46,13
2005-02-27 - 2005-03-05,47,15
2005-03-06 - 2005-03-12,46,11
2005-03-13 - 2005-03-19,45,13
2005-03-20 - 2005-03-26,51,14
2005-03-27 - 2005-04-02,43,15
2005-04-03 - 2005-04-09,40,10
2005-04-10 - 2005-04-16,47,10
2005-04-17 - 2005-04-23,46,14
2005-04-24 - 2005-04-30,44,13
2005-05-01 - 2005-05-07,46,12
2005-05-08 - 2005-05-14,40,14
2005-05-15 - 2005-05-21,46,10
2005-05-22 - 2005-05-28,47,12
2005-05-29 - 2005-06-04,40,14
2005-06-05 - 2005-06-11,42,15
2005-06-12 - 2005-06-18,41,15
2005-06-19 - 2005-06-25,43,16
2005-06-26 - 2005-07-02,41,13
2005-07-03 - 2005-07-09,45,13
2005-07-10 - 2005-07-16,42,16
2005-07-17 - 2005-07-23,46,13
2005-07-24 - 2005-07-30,43,16
2005-07-31 - 2005-08-06,49,16
2005-08-07 - 2005-08-13,49,16
2005-08-14 - 2005-08-20,52,16
2005-08-21 - 2005-08-27,39,12
2005-08-28 - 2005-09-03,37,15
2005-09-04 - 2005-09-10,39,15
2005-09-11 - 2005-09-17,46,15
2005-09-18 - 2005-09-24,39,13
2005-09-25 - 2005-10-01,38,15
2005-10-02 - 2005-10-08,42,14
2005-10-09 - 2005-10-15,45,14
2005-10-16 - 2005-10-22,40,12
2005-10-23 - 2005-10-29,45,17
2005-10-30 - 2005-11-05,46,11
2005-11-06 - 2005-11-12,47,11
2005-11-13 - 2005-11-19,46,14
2005-11-20 - 2005-11-26,44,13
2005-11-27 - 2005-12-03,42,10
2005-12-04 - 2005-12-10,37,11
2005-12-11 - 2005-12-17,35,12
2005-12-18 - 2005-12-24,42,13
2005-12-25 - 2005-12-31,43,14
2006-01-01 - 2006-01-07,55,17
2006-01-08 - 2006-01-14,47,15
2006-01-15 - 2006-01-21,53,18
2006-01-22 - 2006-01-28,56,17
2006-01-29 - 2006-02-04,52,18
2006-02-05 - 2006-02-11,44,14
2006-02-12 - 2006-02-18,45,12
2006-02-19 - 2006-02-25,47,13
2006-02-26 - 2006-03-04,46,18
2006-03-05 - 2006-03-11,49,15
2006-03-12 - 2006-03-18,46,14
2006-03-19 - 2006-03-25,44,15
2006-03-26 - 2006-04-01,45,14
2006-04-02 - 2006-04-08,46,13
2006-04-09 - 2006-04-15,47,17
2006-04-16 - 2006-04-22,45,15
2006-04-23 - 2006-04-29,45,14
2006-04-30 - 2006-05-06,47,15
2006-05-07 - 2006-05-13,44,16
2006-05-14 - 2006-05-20,39,13
2006-05-21 - 2006-05-27,41,15
2006-05-28 - 2006-06-03,42,14
2006-06-04 - 2006-06-10,44,15
2006-06-11 - 2006-06-17,43,15
2006-06-18 - 2006-06-24,40,13
2006-06-25 - 2006-07-01,40,23
2006-07-02 - 2006-07-08,42,14
2006-07-09 - 2006-07-15,45,16
2006-07-16 - 2006-07-22,45,17
2006-07-23 - 2006-07-29,46,17
2006-07-30 - 2006-08-05,44,17
2006-08-06 - 2006-08-12,54,16
2006-08-13 - 2006-08-19,43,16
2006-08-20 - 2006-08-26,41,15
2006-08-27 - 2006-09-02,38,15
2006-09-03 - 2006-09-09,38,15
2006-09-10 - 2006-09-16,45,14
2006-09-17 - 2006-09-23,44,15
2006-09-24 - 2006-09-30,45,16
2006-10-01 - 2006-10-07,49,15
2006-10-08 - 2006-10-14,43,13
2006-10-15 - 2006-10-21,37,12
2006-10-22 - 2006-10-28,43,14
2006-10-29 - 2006-11-04,42,15
2006-11-05 - 2006-11-11,35,13
2006-11-12 - 2006-11-18,45,12
2006-11-19 - 2006-11-25,44,11
2006-11-26 - 2006-12-02,38,10
2006-12-03 - 2006-12-09,36,15
2006-12-10 - 2006-12-16,33,15
2006-12-17 - 2006-12-23,36,12
2006-12-24 - 2006-12-30,37,13
2006-12-31 - 2007-01-06,50,22
2007-01-07 - 2007-01-13,54,15
2007-01-14 - 2007-01-20,50,16
2007-01-21 - 2007-01-27,48,19
2007-01-28 - 2007-02-03,45,16
2007-02-04 - 2007-02-10,47,16
2007-02-11 - 2007-02-17,45,15
2007-02-18 - 2007-02-24,44,17
2007-02-25 - 2007-03-03,46,17
2007-03-04 - 2007-03-10,46,15
2007-03-11 - 2007-03-17,46,14
2007-03-18 - 2007-03-24,43,15
2007-03-25 - 2007-03-31,44,17
2007-04-01 - 2007-04-07,44,17
2007-04-08 - 2007-04-14,42,15
2007-04-15 - 2007-04-21,42,14
2007-04-22 - 2007-04-28,41,18
2007-04-29 - 2007-05-05,44,16
2007-05-06 - 2007-05-12,41,14
2007-05-13 - 2007-05-19,41,16
2007-05-20 - 2007-05-26,40,19
2007-05-27 - 2007-06-02,40,17
2007-06-03 - 2007-06-09,43,19
2007-06-10 - 2007-06-16,43,18
2007-06-17 - 2007-06-23,39,16
2007-06-24 - 2007-06-30,39,18
2007-07-01 - 2007-07-07,40,17
2007-07-08 - 2007-07-14,41,19
2007-07-15 - 2007-07-21,41,19
2007-07-22 - 2007-07-28,41,16
2007-07-29 - 2007-08-04,45,18
2007-08-05 - 2007-08-11,44,18
2007-08-12 - 2007-08-18,44,19
2007-08-19 - 2007-08-25,43,16
2007-08-26 - 2007-09-01,40,16
2007-09-02 - 2007-09-08,37,15
2007-09-09 - 2007-09-15,36,13
2007-09-16 - 2007-09-22,42,16
2007-09-23 - 2007-09-29,42,15
2007-09-30 - 2007-10-06,40,16
2007-10-07 - 2007-10-13,42,16
2007-10-14 - 2007-10-20,41,16
2007-10-21 - 2007-10-27,44,15
2007-10-28 - 2007-11-03,38,16
2007-11-04 - 2007-11-10,41,16
2007-11-11 - 2007-11-17,44,15
2007-11-18 - 2007-11-24,45,16
2007-11-25 - 2007-12-01,41,17
2007-12-02 - 2007-12-08,39,16
2007-12-09 - 2007-12-15,34,13
2007-12-16 - 2007-12-22,34,14
2007-12-23 - 2007-12-29,33,17
2007-12-30 - 2008-01-05,52,22
2008-01-06 - 2008-01-12,47,20
2008-01-13 - 2008-01-19,46,18
2008-01-20 - 2008-01-26,45,17
2008-01-27 - 2008-02-02,49,18
2008-02-03 - 2008-02-09,44,19
2008-02-10 - 2008-02-16,49,16
2008-02-17 - 2008-02-23,52,17
2008-02-24 - 2008-03-01,48,17
2008-03-02 - 2008-03-08,47,16
2008-03-09 - 2008-03-15,45,18
2008-03-16 - 2008-03-22,42,17
2008-03-23 - 2008-03-29,42,17
2008-03-30 - 2008-04-05,45,19
2008-04-06 - 2008-04-12,43,18
2008-04-13 - 2008-04-19,45,17
2008-04-20 - 2008-04-26,47,18
2008-04-27 - 2008-05-03,47,18
2008-05-04 - 2008-05-10,44,19
2008-05-11 - 2008-05-17,41,18
2008-05-18 - 2008-05-24,45,16
2008-05-25 - 2008-05-31,44,17
2008-06-01 - 2008-06-07,41,18
2008-06-08 - 2008-06-14,46,20
2008-06-15 - 2008-06-21,44,20
2008-06-22 - 2008-06-28,46,20
2008-06-29 - 2008-07-05,41,19
2008-07-06 - 2008-07-12,45,19
2008-07-13 - 2008-07-19,42,17
2008-07-20 - 2008-07-26,46,22
2008-07-27 - 2008-08-02,46,21
2008-08-03 - 2008-08-09,45,20
2008-08-10 - 2008-08-16,43,20
2008-08-17 - 2008-08-23,43,21
2008-08-24 - 2008-08-30,41,22
2008-08-31 - 2008-09-06,40,20
2008-09-07 - 2008-09-13,40,20
2008-09-14 - 2008-09-20,43,18
2008-09-21 - 2008-09-27,41,17
2008-09-28 - 2008-10-04,38,17
2008-10-05 - 2008-10-11,41,19
2008-10-12 - 2008-10-18,38,18
2008-10-19 - 2008-10-25,40,17
2008-10-26 - 2008-11-01,40,18
2008-11-02 - 2008-11-08,42,17
2008-11-09 - 2008-11-15,44,16
2008-11-16 - 2008-11-22,43,16
2008-11-23 - 2008-11-29,44,16
2008-11-30 - 2008-12-06,37,17
2008-12-07 - 2008-12-13,37,18
2008-12-14 - 2008-12-20,35,17
2008-12-21 - 2008-12-27,38,17
2008-12-28 - 2009-01-03,47,25
2009-01-04 - 2009-01-10,51,24
2009-01-11 - 2009-01-17,49,22
2009-01-18 - 2009-01-24,50,21
2009-01-25 - 2009-01-31,50,22
2009-02-01 - 2009-02-07,47,20
2009-02-08 - 2009-02-14,46,19
2009-02-15 - 2009-02-21,47,20
2009-02-22 - 2009-02-28,50,21
2009-03-01 - 2009-03-07,51,24
2009-03-08 - 2009-03-14,45,20
2009-03-15 - 2009-03-21,49,19
2009-03-22 - 2009-03-28,48,20
2009-03-29 - 2009-04-04,46,22
2009-04-05 - 2009-04-11,47,22
2009-04-12 - 2009-04-18,45,20
2009-04-19 - 2009-04-25,48,23
2009-04-26 - 2009-05-02,46,19
2009-05-03 - 2009-05-09,45,20
2009-05-10 - 2009-05-16,46,20
2009-05-17 - 2009-05-23,44,20
2009-05-24 - 2009-05-30,45,21
2009-05-31 - 2009-06-06,44,24
2009-06-07 - 2009-06-13,46,23
2009-06-14 - 2009-06-20,43,22
2009-06-21 - 2009-06-27,44,21
2009-06-28 - 2009-07-04,41,22
2009-07-05 - 2009-07-11,45,22
2009-07-12 - 2009-07-18,47,25
2009-07-19 - 2009-07-25,46,26
2009-07-26 - 2009-08-01,46,23
2009-08-02 - 2009-08-08,45,26
2009-08-09 - 2009-08-15,48,26
2009-08-16 - 2009-08-22,45,24
2009-08-23 - 2009-08-29,47,23
2009-08-30 - 2009-09-05,48,23
2009-09-06 - 2009-09-12,47,24
2009-09-13 - 2009-09-19,46,22
2009-09-20 - 2009-09-26,47,23
2009-09-27 - 2009-10-03,42,22
2009-10-04 - 2009-10-10,44,22
2009-10-11 - 2009-10-17,46,20
2009-10-18 - 2009-10-24,41,22
2009-10-25 - 2009-10-31,43,26
2009-11-01 - 2009-11-07,45,22
2009-11-08 - 2009-11-14,46,23
2009-11-15 - 2009-11-21,44,21
2009-11-22 - 2009-11-28,47,21
2009-11-29 - 2009-12-05,43,19
2009-12-06 - 2009-12-12,39,20
2009-12-13 - 2009-12-19,37,18
2009-12-20 - 2009-12-26,36,21
2009-12-27 - 2010-01-02,42,25
2010-01-03 - 2010-01-09,55,29
2010-01-10 - 2010-01-16,52,27
2010-01-17 - 2010-01-23,50,28
2010-01-24 - 2010-01-30,51,27
2010-01-31 - 2010-02-06,53,28
2010-02-07 - 2010-02-13,49,25
2010-02-14 - 2010-02-20,54,24
2010-02-21 - 2010-02-27,52,26
2010-02-28 - 2010-03-06,53,27
2010-03-07 - 2010-03-13,52,24
2010-03-14 - 2010-03-20,48,25
2010-03-21 - 2010-03-27,51,26
2010-03-28 - 2010-04-03,50,26
2010-04-04 - 2010-04-10,50,27
2010-04-11 - 2010-04-17,51,26
2010-04-18 - 2010-04-24,53,26
2010-04-25 - 2010-05-01,49,28
2010-05-02 - 2010-05-08,48,24
2010-05-09 - 2010-05-15,51,32
2010-05-16 - 2010-05-22,48,26
2010-05-23 - 2010-05-29,44,26
2010-05-30 - 2010-06-05,48,27
2010-06-06 - 2010-06-12,49,25
2010-06-13 - 2010-06-19,48,27
2010-06-20 - 2010-06-26,46,25
2010-06-27 - 2010-07-03,43,29
2010-07-04 - 2010-07-10,45,28
2010-07-11 - 2010-07-17,47,29
2010-07-18 - 2010-07-24,46,29
2010-07-25 - 2010-07-31,47,29
2010-08-01 - 2010-08-07,45,29
2010-08-08 - 2010-08-14,49,29
2010-08-15 - 2010-08-21,49,34
2010-08-22 - 2010-08-28,49,31
2010-08-29 - 2010-09-04,46,30
2010-09-05 - 2010-09-11,48,27
2010-09-12 - 2010-09-18,45,27
2010-09-19 - 2010-09-25,45,29
2010-09-26 - 2010-10-02,46,25
2010-10-03 - 2010-10-09,46,25
2010-10-10 - 2010-10-16,46,25
2010-10-17 - 2010-10-23,46,24
2010-10-24 - 2010-10-30,47,26
2010-10-31 - 2010-11-06,45,26
2010-11-07 - 2010-11-13,47,27
2010-11-14 - 2010-11-20,48,24
2010-11-21 - 2010-11-27,45,22
2010-11-28 - 2010-12-04,43,22
2010-12-05 - 2010-12-11,41,23
2010-12-12 - 2010-12-18,41,22
2010-12-19 - 2010-12-25,42,24
2010-12-26 - 2011-01-01,42,28
2011-01-02 - 2011-01-08,54,32
2011-01-09 - 2011-01-15,54,32
2011-01-16 - 2011-01-22,55,32
2011-01-23 - 2011-01-29,54,31
2011-01-30 - 2011-02-05,54,32
2011-02-06 - 2011-02-12,54,31
2011-02-13 - 2011-02-19,51,30
2011-02-20 - 2011-02-26,56,29
2011-02-27 - 2011-03-05,55,27
2011-03-06 - 2011-03-12,53,29
2011-03-13 - 2011-03-19,55,30
2011-03-20 - 2011-03-26,53,29
2011-03-27 - 2011-04-02,55,31
2011-04-03 - 2011-04-09,53,31
2011-04-10 - 2011-04-16,54,30
2011-04-17 - 2011-04-23,55,34
2011-04-24 - 2011-04-30,52,31
2011-05-01 - 2011-05-07,51,29
2011-05-08 - 2011-05-14,50,32
2011-05-15 - 2011-05-21,49,32
2011-05-22 - 2011-05-28,49,33
2011-05-29 - 2011-06-04,50,31
2011-06-05 - 2011-06-11,50,30
2011-06-12 - 2011-06-18,48,32
2011-06-19 - 2011-06-25,50,31
2011-06-26 - 2011-07-02,48,31
2011-07-03 - 2011-07-09,48,30
2011-07-10 - 2011-07-16,50,32
2011-07-17 - 2011-07-23,52,32
2011-07-24 - 2011-07-30,52,32
2011-07-31 - 2011-08-06,52,34
2011-08-07 - 2011-08-13,50,33
2011-08-14 - 2011-08-20,49,31
2011-08-21 - 2011-08-27,48,31
2011-08-28 - 2011-09-03,50,30
2011-09-04 - 2011-09-10,47,31
2011-09-11 - 2011-09-17,49,28
2011-09-18 - 2011-09-24,50,31
2011-09-25 - 2011-10-01,49,30
2011-10-02 - 2011-10-08,51,28
2011-10-09 - 2011-10-15,50,27
2011-10-16 - 2011-10-22,51,27
2011-10-23 - 2011-10-29,49,29
2011-10-30 - 2011-11-05,52,26
2011-11-06 - 2011-11-12,52,29
2011-11-13 - 2011-11-19,53,27
2011-11-20 - 2011-11-26,52,25
2011-11-27 - 2011-12-03,48,25
2011-12-04 - 2011-12-10,47,26
2011-12-11 - 2011-12-17,43,26
2011-12-18 - 2011-12-24,43,27
2011-12-25 - 2011-12-31,47,29
2012-01-01 - 2012-01-07,58,36
2012-01-08 - 2012-01-14,63,36
2012-01-15 - 2012-01-21,62,35
2012-01-22 - 2012-01-28,61,34
2012-01-29 - 2012-02-04,62,37
2012-02-05 - 2012-02-11,59,35
2012-02-12 - 2012-02-18,56,31
2012-02-19 - 2012-02-25,63,34
2012-02-26 - 2012-03-03,62,34
2012-03-04 - 2012-03-10,61,34
2012-03-11 - 2012-03-17,59,31
2012-03-18 - 2012-03-24,56,32
2012-03-25 - 2012-03-31,59,33
2012-04-01 - 2012-04-07,57,35
2012-04-08 - 2012-04-14,56,33
2012-04-15 - 2012-04-21,60,34
2012-04-22 - 2012-04-28,58,33
2012-04-29 - 2012-05-05,59,33
2012-05-06 - 2012-05-12,55,32
2012-05-13 - 2012-05-19,55,34
2012-05-20 - 2012-05-26,54,35
2012-05-27 - 2012-06-02,54,35
2012-06-03 - 2012-06-09,56,33
2012-06-10 - 2012-06-16,54,34
2012-06-17 - 2012-06-23,54,36
2012-06-24 - 2012-06-30,51,36
2012-07-01 - 2012-07-07,51,35
2012-07-08 - 2012-07-14,55,36
2012-07-15 - 2012-07-21,55,37
2012-07-22 - 2012-07-28,55,39
2012-07-29 - 2012-08-04,55,36
2012-08-05 - 2012-08-11,55,36
2012-08-12 - 2012-08-18,56,40
2012-08-19 - 2012-08-25,58,37
2012-08-26 - 2012-09-01,55,36
2012-09-02 - 2012-09-08,56,37
2012-09-09 - 2012-09-15,55,36
2012-09-16 - 2012-09-22,53,34
2012-09-23 - 2012-09-29,52,34
2012-09-30 - 2012-10-06,53,31
2012-10-07 - 2012-10-13,53,32
2012-10-14 - 2012-10-20,54,32
2012-10-21 - 2012-10-27,50,30
2012-10-28 - 2012-11-03,52,29
2012-11-04 - 2012-11-10,51,30
2012-11-11 - 2012-11-17,53,32
2012-11-18 - 2012-11-24,53,31
2012-11-25 - 2012-12-01,52,29
2012-12-02 - 2012-12-08,47,28
2012-12-09 - 2012-12-15,46,28
2012-12-16 - 2012-12-22,46,28
2012-12-23 - 2012-12-29,46,30
2012-12-30 - 2013-01-05,61,40
2013-01-06 - 2013-01-12,67,42
2013-01-13 - 2013-01-19,64,40
2013-01-20 - 2013-01-26,65,39
2013-01-27 - 2013-02-02,62,39
2013-02-03 - 2013-02-09,59,39
2013-02-10 - 2013-02-16,61,36
2013-02-17 - 2013-02-23,65,40
2013-02-24 - 2013-03-02,62,42
2013-03-03 - 2013-03-09,62,47
2013-03-10 - 2013-03-16,70,45
2013-03-17 - 2013-03-23,63,45
2013-03-24 - 2013-03-30,62,47
2013-03-31 - 2013-04-06,58,43
2013-04-07 - 2013-04-13,61,41
2013-04-14 - 2013-04-20,59,40
2013-04-21 - 2013-04-27,60,39
2013-04-28 - 2013-05-04,62,47
2013-05-05 - 2013-05-11,58,42
2013-05-12 - 2013-05-18,57,42
2013-05-19 - 2013-05-25,56,47
2013-05-26 - 2013-06-01,58,42
2013-06-02 - 2013-06-08,57,40
2013-06-09 - 2013-06-15,58,40
2013-06-16 - 2013-06-22,54,40
2013-06-23 - 2013-06-29,55,46
2013-06-30 - 2013-07-06,53,52
2013-07-07 - 2013-07-13,56,47
2013-07-14 - 2013-07-20,56,44
2013-07-21 - 2013-07-27,58,42
2013-07-28 - 2013-08-03,59,45
2013-08-04 - 2013-08-10,60,43
2013-08-11 - 2013-08-17,57,43
2013-08-18 - 2013-08-24,57,50
2013-08-25 - 2013-08-31,57,47
2013-09-01 - 2013-09-07,57,42
2013-09-08 - 2013-09-14,59,40
2013-09-15 - 2013-09-21,55,38
2013-09-22 - 2013-09-28,55,39
2013-09-29 - 2013-10-05,54,37
2013-10-06 - 2013-10-12,54,36
2013-10-13 - 2013-10-19,55,38
2013-10-20 - 2013-10-26,56,35
2013-10-27 - 2013-11-02,54,33
2013-11-03 - 2013-11-09,56,37
2013-11-10 - 2013-11-16,56,35
2013-11-17 - 2013-11-23,54,34
2013-11-24 - 2013-11-30,54,32
2013-12-01 - 2013-12-07,48,31
2013-12-08 - 2013-12-14,47,35
2013-12-15 - 2013-12-21,46,36
2013-12-22 - 2013-12-28,46,36
2013-12-29 - 2014-01-04,59,44
2014-01-05 - 2014-01-11,68,46
2014-01-12 - 2014-01-18,71,47
2014-01-19 - 2014-01-25,68,48
2014-01-26 - 2014-02-01,69,46
2014-02-02 - 2014-02-08,65,45
2014-02-09 - 2014-02-15,63,42
2014-02-16 - 2014-02-22,65,42
2014-02-23 - 2014-03-01,63,46
2014-03-02 - 2014-03-08,67,45
2014-03-09 - 2014-03-15,68,44
2014-03-16 - 2014-03-22,65,44
2014-03-23 - 2014-03-29,64,45
2014-03-30 - 2014-04-05,64,44
2014-04-06 - 2014-04-12,64,46
2014-04-13 - 2014-04-19,67,48
2014-04-20 - 2014-04-26,60,42
2014-04-27 - 2014-05-03,64,45
2014-05-04 - 2014-05-10,61,43
2014-05-11 - 2014-05-17,62,43
2014-05-18 - 2014-05-24,58,59
2014-05-25 - 2014-05-31,57,47
2014-06-01 - 2014-06-07,60,43
2014-06-08 - 2014-06-14,59,42
2014-06-15 - 2014-06-21,58,41
2014-06-22 - 2014-06-28,57,43
2014-06-29 - 2014-07-05,58,42
2014-07-06 - 2014-07-12,59,42
2014-07-13 - 2014-07-19,63,46
2014-07-20 - 2014-07-26,62,46
2014-07-27 - 2014-08-02,61,44
2014-08-03 - 2014-08-09,59,44
2014-08-10 - 2014-08-16,59,43
2014-08-17 - 2014-08-23,63,42
2014-08-24 - 2014-08-30,60,44
2014-08-31 - 2014-09-06,60,43
2014-09-07 - 2014-09-13,59,41
2014-09-14 - 2014-09-20,59,40
2014-09-21 - 2014-09-27,58,41
2014-09-28 - 2014-10-04,58,42
2014-10-05 - 2014-10-11,55,39
2014-10-12 - 2014-10-18,55,38
2014-10-19 - 2014-10-25,58,39
2014-10-26 - 2014-11-01,57,37
2014-11-02 - 2014-11-08,57,37
2014-11-09 - 2014-11-15,59,37
2014-11-16 - 2014-11-22,60,38
2014-11-23 - 2014-11-29,57,36
2014-11-30 - 2014-12-06,52,34
2014-12-07 - 2014-12-13,52,37
2014-12-14 - 2014-12-20,50,34
2014-12-21 - 2014-12-27,50,36
2014-12-28 - 2015-01-03,62,46
2015-01-04 - 2015-01-10,72,48
2015-01-11 - 2015-01-17,73,50
2015-01-18 - 2015-01-24,80,50
2015-01-25 - 2015-01-31,76,51
2015-02-01 - 2015-02-07,73,47
2015-02-08 - 2015-02-14,67,44
2015-02-15 - 2015-02-21,68,44
2015-02-22 - 2015-02-28,69,45
2015-03-01 - 2015-03-07,69,44
2015-03-08 - 2015-03-14,72,44
2015-03-15 - 2015-03-21,65,45
2015-03-22 - 2015-03-28,66,45
2015-03-29 - 2015-04-04,63,45
2015-04-05 - 2015-04-11,60,100
2015-04-12 - 2015-04-18,62,61
2015-04-19 - 2015-04-25,63,50
2015-04-26 - 2015-05-02, , 


tofu에 대한 관심이 높은 지역
지역,tofu,hummus
싱가포르,100,30
캐나다,96,82
미국,83,100
슬로바키아,69,18
오스트레일리아,65,48
필리핀,62,15
체코,61,31
뉴질랜드,56,70
오스트리아,47,26
트리니다드 토바고,43,0
자메이카,40,0
스위스,40,22
독일,39,16
핀란드,38,33
이탈리아,37,21
홍콩,36,18
말레이시아,35,11
룩셈부르크,35,0
스페인,35,31
스웨덴,33,54
영국,32,45
프랑스,32,3
리유니온,31,0
포르투갈,30,9
아랍에미리트 연합,28,43
덴마크,27,48
푸에르토리코,27,32
헝가리,26,20
벨기에,25,12
아일랜드,25,53
노르웨이,24,51
남아프리카,24,31
카타르,23,39
인도네시아,23,3
폴란드,23,23
슬로베니아,22,0
칠레,21,10
네덜란드,21,24
루마니아,19,9
에스토니아,18,39
크로아티아,18,9
아르헨티나,17,11
우루과이,17,0
대한민국,16,10
파나마,16,0
멕시코,16,8
인도,15,14
코스타리카,14,26
스리랑카,13,0
콜롬비아,13,6
리투아니아,13,0
브라질,12,2
라트비아,12,0
태국,11,3
대만,11,3
도미니카 공화국,11,15
과테말라,11,0
세르비아,11,9
이스라엘,10,18
볼리비아,10,0
모로코,10,0
에콰도르,9,0
나이지리아,8,0
베네수엘라,8,5
페루,8,4
베트남,8,0
일본,6,2
파키스탄,6,14
그리스,6,6
불가리아,5,0
중국,4,2
사우디아라비아,4,5
터키,3,1
이집트,2,0
러시아,1,1
아이슬란드,0,90
쿠웨이트,0,18
몰타,0,59

hummus에 대한 관심이 높은 지역
지역,tofu,hummus
미국,83,100
아이슬란드,0,90
캐나다,96,82
뉴질랜드,56,70
몰타,0,59
스웨덴,33,54
아일랜드,25,53
노르웨이,24,51
덴마크,27,48
오스트레일리아,65,48
영국,32,45
아랍에미리트 연합,28,43
카타르,23,39
에스토니아,18,39
핀란드,38,33
푸에르토리코,27,32
스페인,35,31
남아프리카,24,31
체코,61,31
싱가포르,100,30
오스트리아,47,26
코스타리카,14,26
네덜란드,21,24
폴란드,23,23
스위스,40,22
이탈리아,37,21
헝가리,26,20
이스라엘,10,18
홍콩,36,18
슬로바키아,69,18
쿠웨이트,0,18
독일,39,16
필리핀,62,15
도미니카 공화국,11,15
인도,15,14
파키스탄,6,14
벨기에,25,12
말레이시아,35,11
아르헨티나,17,11
칠레,21,10
대한민국,16,10
세르비아,11,9
포르투갈,30,9
루마니아,19,9
크로아티아,18,9
멕시코,16,8
그리스,6,6
콜롬비아,13,6
사우디아라비아,4,5
베네수엘라,8,5
페루,8,4
프랑스,32,3
대만,11,3
태국,11,3
인도네시아,23,3
일본,6,2
브라질,12,2
중국,4,2
터키,3,1
러시아,1,1
불가리아,5,0
볼리비아,10,0
에콰도르,9,0
이집트,2,0
과테말라,11,0
자메이카,40,0
스리랑카,13,0
리투아니아,13,0
룩셈부르크,35,0
라트비아,12,0
모로코,10,0
나이지리아,8,0
파나마,16,0
리유니온,31,0
슬로베니아,22,0
트리니다드 토바고,43,0
우루과이,17,0
베트남,8,0


tofu에 대한 관심이 높은 도시
도시,tofu
샌프란시스코 (미국),100
몬트리올 (캐나다),94
로스앤젤레스 (미국),92
시애틀 (미국),92
밴쿠버 (캐나다),90
뉴욕 (미국),85
샌디에고 (미국),82
싱가포르 (싱가포르),80
산호세 (미국),79
토론토 (캐나다),70
멜버른 (오스트레일리아),67
워싱턴 (미국),67
보스턴 (미국),65
오스틴 (미국),63
시드니 (오스트레일리아),56

hummus에 대한 관심이 높은 도시
도시,hummus
뉴욕 (미국),100
필라델피아 (미국),80
포틀랜드 (미국),69
오스틴 (미국),66
로스앤젤레스 (미국),64
밴쿠버 (캐나다),64
시애틀 (미국),64
워싱턴 (미국),62
시카고 (미국),62
덴버 (미국),61
샌프란시스코 (미국),60
보스턴 (미국),59
토론토 (캐나다),58
샌디에고 (미국),57
피닉스 (미국),54



tofu에 대한 인기 검색어
tofu recipe,100
tofu recipes,95
what is tofu,30
tofu house,20
tofu soup,20
tofu stir fry,20
fried tofu,20
tofu curry,15
tofu calories,15
recette tofu,15
baked tofu,15
silken tofu,15
tofu salad,15
tofu protein,10
tofu noodles,10
tofu nutrition,10
mapo tofu,10
egg tofu,10
tofu recetas,10
cooking tofu,10
tofu scramble,10
tofu rezepte,10
marinade tofu,10
recipes with tofu,10
recipes for tofu,10
calories in tofu,10
tofu ricette,10
seitan,5
vegetarian recipes,5
tofu pasta,5
bcd tofu,5
spicy tofu,5
tofu soup recipe,5
ma po tofu,5
easy tofu recipes,5
tempeh,5
tofu soyeux,5
vegan recipes,5
tofu shirataki,5
fried tofu recipe,5
le tofu,5
que es tofu,5
bbq tofu,5
tofu curry recipe,5
bcd tofu house,5
grilled tofu,5
stinky tofu,5
tofu dessert,5
tofu recept,5
recette de tofu,5


hummus에 대한 인기 검색어
recipe hummus,100
tahini,25
hummus tahini,25
make hummus,15
hummus recipes,15
what is hummus,15
tahini recipe,15
humus,10
sabra hummus,10
sabra,10
hummus calories,10
hummus healthy,10
best hummus,5
hummus dip,5
recipe for hummus,5
homemade hummus,5
hummus receta,5
hummus nutrition,5
chickpeas,5
hummus without tahini,5
hummus chicken,5
red pepper hummus,5
garlic hummus,5
falafel,5
calories in hummus,5
rezept hummus,5
recept hummus,5
easy hummus,5
hummus recipe best,5
hummus recall,5
is hummus healthy,5
hummus place,5
black bean hummus,5
hummus sandwich,5
hummus bar,5
hummus kitchen,5
recipe of hummus,5
easy hummus recipe,0
hummus ricetta,0
hummus dip recipe,0
hummus wrap,0
hummus protein,0
hummus benefits,0
what is tahini,0
garlic hummus recipe,0
hummus and pita,0
healthy hummus recipe,0
raw hummus,0
recipes for hummus,0
avocado hummus,0



tofu에 대한 인기 상승 검색어
tofu noodles,+200%
what is tofu,+180%
mapo tofu,+160%
tofu scramble,+150%
recipes with tofu,+120%
silken tofu,+120%
tofu house,+100%
tofu salad,+100%
marinade tofu,+80%
tofu soup,+80%


hummus에 대한 인기 상승 검색어
best hummus,급등
homemade hummus,급등
hummus dip,급등
hummus healthy,급등
sabra,급등
sabra hummus,급등
make hummus,+350%
tahini recipe,+250%
hummus tahini,+180%
hummus receta,+140%



